CRD,Most Recent Disclosure Date,Prediction
1037,08/05/1977,Disclosures Likely
1047,10/09/1992,Disclosures Likely
1101,08/14/2011,Disclosures Likely
1137,08/10/2023,Disclosures Likely
1175,04/13/2015,Disclosures Likely
1248,05/10/2013,Disclosures Likely
1249,10/16/2008,Disclosures Likely
1252,09/29/2023,Disclosures Likely
1254,02/22/2008,Disclosures Likely
1329,12/20/2022,Disclosures Likely
1331,No Disclosure Dates,Disclosures Likely
1378,No Disclosure Dates,No Disclosures
1459,06/18/2015,Disclosures Likely
1464,03/11/2014,Disclosures Likely
1489,No Disclosure Dates,No Disclosures
1582,No Disclosure Dates,No Disclosures
1588,12/27/2017,Disclosures Likely
1628,02/13/2023,Disclosures Likely
1668,12/07/2010,Disclosures Likely
1697,No Disclosure Dates,No Disclosures
1763,11/20/2018,Disclosures Likely
1834,07/06/2012,Disclosures Likely
1844,No Disclosure Dates,No Disclosures
1845,03/23/2020,Disclosures Likely
2002,09/17/2020,Disclosures Likely
2016,05/19/2005,Disclosures Likely
2078,No Disclosure Dates,No Disclosures
2107,No Disclosure Dates,No Disclosures
2185,No Disclosure Dates,No Disclosures
2225,09/20/2017,Disclosures Likely
2288,05/22/2015,Disclosures Likely
2440,12/20/2006,Disclosures Likely
2498,12/11/2020,Disclosures Likely
2525,12/11/2023,Disclosures Likely
2543,12/30/2020,Disclosures Likely
2655,No Disclosure Dates,No Disclosures
2682,03/06/2013,Disclosures Likely
2733,No Disclosure Dates,No Disclosures
2748,No Disclosure Dates,No Disclosures
2827,No Disclosure Dates,No Disclosures
2881,08/24/2023,Disclosures Likely
2882,12/21/2020,Disclosures Likely
2903,06/18/2015,Disclosures Likely
2907,No Disclosure Dates,No Disclosures
2908,No Disclosure Dates,No Disclosures
2950,09/29/1972,Disclosures Likely
2993,No Disclosure Dates,No Disclosures
2997,No Disclosure Dates,No Disclosures
3001,05/17/2011,Disclosures Likely
3023,No Disclosure Dates,No Disclosures
3046,No Disclosure Dates,No Disclosures
3050,11/03/2010,Disclosures Likely
3063,No Disclosure Dates,No Disclosures
3140,No Disclosure Dates,No Disclosures
3215,07/10/2018,Disclosures Likely
3254,No Disclosure Dates,No Disclosures
3394,No Disclosure Dates,No Disclosures
3403,No Disclosure Dates,No Disclosures
3441,No Disclosure Dates,Disclosures Likely
3487,07/31/2023,Disclosures Likely
3496,03/11/2019,Disclosures Likely
3524,No Disclosure Dates,No Disclosures
3538,07/17/2013,Disclosures Likely
3618,11/26/2012,Disclosures Likely
3641,10/18/2013,Disclosures Likely
3711,No Disclosure Dates,No Disclosures
3767,01/23/2017,Disclosures Likely
3866,07/19/2017,Disclosures Likely
3870,11/03/2014,Disclosures Likely
3875,No Disclosure Dates,Disclosures Likely
3978,05/22/2013,Disclosures Likely
3989,02/19/2013,Disclosures Likely
3994,No Disclosure Dates,Disclosures Likely
3998,06/20/2016,Disclosures Likely
4031,11/14/2017,Disclosures Likely
4138,12/28/2011,Disclosures Likely
4173,05/31/2022,Disclosures Likely
4297,01/13/2023,Disclosures Likely
4316,10/12/2017,Disclosures Likely
5009,No Disclosure Dates,No Disclosures
5148,09/21/2005,Disclosures Likely
5155,03/26/2013,Disclosures Likely
5308,No Disclosure Dates,No Disclosures
5393,07/05/2023,Disclosures Likely
5475,10/19/2022,Disclosures Likely
5493,No Disclosure Dates,No Disclosures
5606,No Disclosure Dates,No Disclosures
5611,01/12/2023,Disclosures Likely
5657,No Disclosure Dates,No Disclosures
5670,08/24/2017,Disclosures Likely
5685,08/22/2023,Disclosures Likely
5835,04/21/1998,Disclosures Likely
5845,07/31/2013,Disclosures Likely
5871,06/14/1999,Disclosures Likely
6080,No Disclosure Dates,No Disclosures
6082,07/24/2001,Disclosures Likely
6118,No Disclosure Dates,No Disclosures
6210,No Disclosure Dates,Disclosures Likely
6220,07/09/2021,Disclosures Likely